--------------------------------------------------------
--  File created - Wednesday-May-03-2017   
--------------------------------------------------------
--------------------------------------------------------
--  DDL for Table CITY_NAME
--------------------------------------------------------

  CREATE TABLE "TRANSPARENT_GOVERNANCE"."CITY_NAME" 
   (	"ID" NUMBER(*,0), 
	"CITY_NAME" VARCHAR2(20 BYTE), 
	"STATE_NAME" VARCHAR2(20 BYTE)
   ) SEGMENT CREATION IMMEDIATE 
  PCTFREE 10 PCTUSED 40 INITRANS 1 MAXTRANS 255 NOCOMPRESS LOGGING
  STORAGE(INITIAL 65536 NEXT 1048576 MINEXTENTS 1 MAXEXTENTS 2147483645
  PCTINCREASE 0 FREELISTS 1 FREELIST GROUPS 1 BUFFER_POOL DEFAULT FLASH_CACHE DEFAULT CELL_FLASH_CACHE DEFAULT)
  TABLESPACE "USERS" ;
--------------------------------------------------------
--  DDL for Table GOVERNMENT_OFFICER
--------------------------------------------------------

  CREATE TABLE "TRANSPARENT_GOVERNANCE"."GOVERNMENT_OFFICER" 
   (	"ID" NUMBER(*,0), 
	"USERNAME" VARCHAR2(20 BYTE), 
	"FIRST_NAME" VARCHAR2(20 BYTE), 
	"LAST_NAME" VARCHAR2(20 BYTE), 
	"EMAIL_ID" VARCHAR2(30 BYTE), 
	"MOBILE_NO" NUMBER(10,0), 
	"PASSWORD" VARCHAR2(20 BYTE), 
	"SALARY" NUMBER(10,0), 
	"CITY" VARCHAR2(20 BYTE), 
	"DEPARTMENT" VARCHAR2(20 BYTE)
   ) SEGMENT CREATION IMMEDIATE 
  PCTFREE 10 PCTUSED 40 INITRANS 1 MAXTRANS 255 NOCOMPRESS LOGGING
  STORAGE(INITIAL 65536 NEXT 1048576 MINEXTENTS 1 MAXEXTENTS 2147483645
  PCTINCREASE 0 FREELISTS 1 FREELIST GROUPS 1 BUFFER_POOL DEFAULT FLASH_CACHE DEFAULT CELL_FLASH_CACHE DEFAULT)
  TABLESPACE "USERS" ;
--------------------------------------------------------
--  DDL for Table SPEND
--------------------------------------------------------

  CREATE TABLE "TRANSPARENT_GOVERNANCE"."SPEND" 
   (	"DEPARTMENT" VARCHAR2(15 BYTE), 
	"SPENTPER" NUMBER(*,0), 
	"MAXSPEND" NUMBER
   ) SEGMENT CREATION IMMEDIATE 
  PCTFREE 10 PCTUSED 40 INITRANS 1 MAXTRANS 255 NOCOMPRESS LOGGING
  STORAGE(INITIAL 65536 NEXT 1048576 MINEXTENTS 1 MAXEXTENTS 2147483645
  PCTINCREASE 0 FREELISTS 1 FREELIST GROUPS 1 BUFFER_POOL DEFAULT FLASH_CACHE DEFAULT CELL_FLASH_CACHE DEFAULT)
  TABLESPACE "SYSTEM" ;
--------------------------------------------------------
--  DDL for Table SPENDING_DETAILS
--------------------------------------------------------

  CREATE TABLE "TRANSPARENT_GOVERNANCE"."SPENDING_DETAILS" 
   (	"ID" VARCHAR2(25 BYTE), 
	"OFFICER_USERNAME" VARCHAR2(30 BYTE), 
	"DEPARTMENT" VARCHAR2(30 BYTE), 
	"DESCRIPTION" VARCHAR2(200 BYTE), 
	"CITY" VARCHAR2(20 BYTE), 
	"AMOUNT" NUMBER(10,0), 
	"MONTH" VARCHAR2(2 BYTE), 
	"YEAR" VARCHAR2(6 BYTE), 
	"DAY" VARCHAR2(20 BYTE), 
	"STATE" VARCHAR2(20 BYTE)
   ) SEGMENT CREATION IMMEDIATE 
  PCTFREE 10 PCTUSED 40 INITRANS 1 MAXTRANS 255 NOCOMPRESS LOGGING
  STORAGE(INITIAL 65536 NEXT 1048576 MINEXTENTS 1 MAXEXTENTS 2147483645
  PCTINCREASE 0 FREELISTS 1 FREELIST GROUPS 1 BUFFER_POOL DEFAULT FLASH_CACHE DEFAULT CELL_FLASH_CACHE DEFAULT)
  TABLESPACE "SYSTEM" ;
--------------------------------------------------------
--  DDL for Table TAX
--------------------------------------------------------

  CREATE TABLE "TRANSPARENT_GOVERNANCE"."TAX" 
   (	"STARTSALARY" NUMBER(10,0), 
	"ENDSALARY" NUMBER(10,0), 
	"TAXPER" NUMBER(*,0)
   ) SEGMENT CREATION IMMEDIATE 
  PCTFREE 10 PCTUSED 40 INITRANS 1 MAXTRANS 255 NOCOMPRESS LOGGING
  STORAGE(INITIAL 65536 NEXT 1048576 MINEXTENTS 1 MAXEXTENTS 2147483645
  PCTINCREASE 0 FREELISTS 1 FREELIST GROUPS 1 BUFFER_POOL DEFAULT FLASH_CACHE DEFAULT CELL_FLASH_CACHE DEFAULT)
  TABLESPACE "SYSTEM" ;
--------------------------------------------------------
--  DDL for Table TAX_CITYWISE
--------------------------------------------------------

  CREATE TABLE "TRANSPARENT_GOVERNANCE"."TAX_CITYWISE" 
   (	"ID" NUMBER(*,0), 
	"SALARY_TAX" NUMBER(*,0), 
	"HOUSE_TAX" NUMBER(*,0)
   ) SEGMENT CREATION IMMEDIATE 
  PCTFREE 10 PCTUSED 40 INITRANS 1 MAXTRANS 255 NOCOMPRESS LOGGING
  STORAGE(INITIAL 65536 NEXT 1048576 MINEXTENTS 1 MAXEXTENTS 2147483645
  PCTINCREASE 0 FREELISTS 1 FREELIST GROUPS 1 BUFFER_POOL DEFAULT FLASH_CACHE DEFAULT CELL_FLASH_CACHE DEFAULT)
  TABLESPACE "USERS" ;
--------------------------------------------------------
--  DDL for Table TAX_DETAILS
--------------------------------------------------------

  CREATE TABLE "TRANSPARENT_GOVERNANCE"."TAX_DETAILS" 
   (	"TAX_TYPE" VARCHAR2(20 BYTE), 
	"CITY" VARCHAR2(20 BYTE), 
	"AMOUNT" NUMBER(*,0), 
	"TAX_PAYER_USERNAME" VARCHAR2(20 BYTE), 
	"MONTH" VARCHAR2(20 BYTE), 
	"YEAR" VARCHAR2(20 BYTE), 
	"ID" VARCHAR2(20 BYTE), 
	"STATE" VARCHAR2(20 BYTE), 
	"DAY" VARCHAR2(20 BYTE)
   ) SEGMENT CREATION IMMEDIATE 
  PCTFREE 10 PCTUSED 40 INITRANS 1 MAXTRANS 255 NOCOMPRESS LOGGING
  STORAGE(INITIAL 65536 NEXT 1048576 MINEXTENTS 1 MAXEXTENTS 2147483645
  PCTINCREASE 0 FREELISTS 1 FREELIST GROUPS 1 BUFFER_POOL DEFAULT FLASH_CACHE DEFAULT CELL_FLASH_CACHE DEFAULT)
  TABLESPACE "USERS" ;
--------------------------------------------------------
--  DDL for Table TAX_PAYER
--------------------------------------------------------

  CREATE TABLE "TRANSPARENT_GOVERNANCE"."TAX_PAYER" 
   (	"ID" NUMBER(*,0), 
	"USERNAME" VARCHAR2(20 BYTE), 
	"FIRST_NAME" VARCHAR2(20 BYTE), 
	"LAST_NAME" VARCHAR2(20 BYTE), 
	"EMAIL_ID" VARCHAR2(30 BYTE), 
	"CITY" VARCHAR2(20 BYTE), 
	"PASSWORD" VARCHAR2(20 BYTE), 
	"MOBILE_NO" NUMBER(10,0), 
	"SALARY" NUMBER(*,0)
   ) SEGMENT CREATION IMMEDIATE 
  PCTFREE 10 PCTUSED 40 INITRANS 1 MAXTRANS 255 NOCOMPRESS LOGGING
  STORAGE(INITIAL 65536 NEXT 1048576 MINEXTENTS 1 MAXEXTENTS 2147483645
  PCTINCREASE 0 FREELISTS 1 FREELIST GROUPS 1 BUFFER_POOL DEFAULT FLASH_CACHE DEFAULT CELL_FLASH_CACHE DEFAULT)
  TABLESPACE "USERS" ;
REM INSERTING into TRANSPARENT_GOVERNANCE.CITY_NAME
SET DEFINE OFF;
Insert into TRANSPARENT_GOVERNANCE.CITY_NAME (ID,CITY_NAME,STATE_NAME) values (1,'rajkot','gujarat');
Insert into TRANSPARENT_GOVERNANCE.CITY_NAME (ID,CITY_NAME,STATE_NAME) values (4,'delhi','delhi');
Insert into TRANSPARENT_GOVERNANCE.CITY_NAME (ID,CITY_NAME,STATE_NAME) values (5,'jaipur','rajasthan');
Insert into TRANSPARENT_GOVERNANCE.CITY_NAME (ID,CITY_NAME,STATE_NAME) values (6,'kochi','kerala');
Insert into TRANSPARENT_GOVERNANCE.CITY_NAME (ID,CITY_NAME,STATE_NAME) values (7,'ppunalur','kerala');
Insert into TRANSPARENT_GOVERNANCE.CITY_NAME (ID,CITY_NAME,STATE_NAME) values (8,'gandhinagar','gujarat');
Insert into TRANSPARENT_GOVERNANCE.CITY_NAME (ID,CITY_NAME,STATE_NAME) values (9,'vadodara','gujarat');
Insert into TRANSPARENT_GOVERNANCE.CITY_NAME (ID,CITY_NAME,STATE_NAME) values (10,'surat','gujarat');
Insert into TRANSPARENT_GOVERNANCE.CITY_NAME (ID,CITY_NAME,STATE_NAME) values (11,'jamnagar','gujarat');
Insert into TRANSPARENT_GOVERNANCE.CITY_NAME (ID,CITY_NAME,STATE_NAME) values (2,'ahmedabad','gujarat');
Insert into TRANSPARENT_GOVERNANCE.CITY_NAME (ID,CITY_NAME,STATE_NAME) values (3,'mumbai','maharastra');
REM INSERTING into TRANSPARENT_GOVERNANCE.GOVERNMENT_OFFICER
SET DEFINE OFF;
Insert into TRANSPARENT_GOVERNANCE.GOVERNMENT_OFFICER (ID,USERNAME,FIRST_NAME,LAST_NAME,EMAIL_ID,MOBILE_NO,PASSWORD,SALARY,CITY,DEPARTMENT) values (1,'jmp','jigar','pandya','jigarpandya@gmail.com',1234567890,'12345',1000000,'gandhinagar','educational');
Insert into TRANSPARENT_GOVERNANCE.GOVERNMENT_OFFICER (ID,USERNAME,FIRST_NAME,LAST_NAME,EMAIL_ID,MOBILE_NO,PASSWORD,SALARY,CITY,DEPARTMENT) values (2,'apv','ankit','vaishnav','ankitvaishnav@gmail.com',9876543210,'12345',12000,'surat','industry');
Insert into TRANSPARENT_GOVERNANCE.GOVERNMENT_OFFICER (ID,USERNAME,FIRST_NAME,LAST_NAME,EMAIL_ID,MOBILE_NO,PASSWORD,SALARY,CITY,DEPARTMENT) values (3,'bapu','yash','anghan','a@gmail.cpom',9825452785,'12345',20000,'rajkot','defence');
Insert into TRANSPARENT_GOVERNANCE.GOVERNMENT_OFFICER (ID,USERNAME,FIRST_NAME,LAST_NAME,EMAIL_ID,MOBILE_NO,PASSWORD,SALARY,CITY,DEPARTMENT) values (4,'dayo','sahil','bhingaradiya','sahilbhingaradiya@gmail.com',9913800747,'12345',100000,'ahmedabad','agriculture');
Insert into TRANSPARENT_GOVERNANCE.GOVERNMENT_OFFICER (ID,USERNAME,FIRST_NAME,LAST_NAME,EMAIL_ID,MOBILE_NO,PASSWORD,SALARY,CITY,DEPARTMENT) values (5,'akki','akash','hirpara','akashhirpara@gmail.com',8866674139,'12345',120000,'delhi','social');
Insert into TRANSPARENT_GOVERNANCE.GOVERNMENT_OFFICER (ID,USERNAME,FIRST_NAME,LAST_NAME,EMAIL_ID,MOBILE_NO,PASSWORD,SALARY,CITY,DEPARTMENT) values (6,'hippo','parth','jetani','parthjetani@gmail.com',8905512340,'12345',140000,'mumbai','sport');
Insert into TRANSPARENT_GOVERNANCE.GOVERNMENT_OFFICER (ID,USERNAME,FIRST_NAME,LAST_NAME,EMAIL_ID,MOBILE_NO,PASSWORD,SALARY,CITY,DEPARTMENT) values (7,'nero','nirav','dhanani','niravdhanani@gmail.com',7567420323,'12345',145600,'vadodara','other');
REM INSERTING into TRANSPARENT_GOVERNANCE.SPEND
SET DEFINE OFF;
Insert into TRANSPARENT_GOVERNANCE.SPEND (DEPARTMENT,SPENTPER,MAXSPEND) values ('educational',15,78080);
Insert into TRANSPARENT_GOVERNANCE.SPEND (DEPARTMENT,SPENTPER,MAXSPEND) values ('industry',15,254323);
Insert into TRANSPARENT_GOVERNANCE.SPEND (DEPARTMENT,SPENTPER,MAXSPEND) values ('defence',15,262115);
Insert into TRANSPARENT_GOVERNANCE.SPEND (DEPARTMENT,SPENTPER,MAXSPEND) values ('agriculture',15,160248);
Insert into TRANSPARENT_GOVERNANCE.SPEND (DEPARTMENT,SPENTPER,MAXSPEND) values ('sport',15,258658);
Insert into TRANSPARENT_GOVERNANCE.SPEND (DEPARTMENT,SPENTPER,MAXSPEND) values ('social',15,257299);
Insert into TRANSPARENT_GOVERNANCE.SPEND (DEPARTMENT,SPENTPER,MAXSPEND) values ('other',10,183472);
REM INSERTING into TRANSPARENT_GOVERNANCE.SPENDING_DETAILS
SET DEFINE OFF;
Insert into TRANSPARENT_GOVERNANCE.SPENDING_DETAILS (ID,OFFICER_USERNAME,DEPARTMENT,DESCRIPTION,CITY,AMOUNT,MONTH,YEAR,DAY,STATE) values ('ESlQc2017/04/08','jmp','educational','better education','delhi',1000,'04','2015','09','delhi');
Insert into TRANSPARENT_GOVERNANCE.SPENDING_DETAILS (ID,OFFICER_USERNAME,DEPARTMENT,DESCRIPTION,CITY,AMOUNT,MONTH,YEAR,DAY,STATE) values ('cdIRf2017/04/13','apv','industry','development','delhi',10000,'04','2015','09','delhi');
Insert into TRANSPARENT_GOVERNANCE.SPENDING_DETAILS (ID,OFFICER_USERNAME,DEPARTMENT,DESCRIPTION,CITY,AMOUNT,MONTH,YEAR,DAY,STATE) values ('BKQbf2017/04/13','dayo','agriculture','research','rajkot',100000,'02','2014','05','gujarat');
Insert into TRANSPARENT_GOVERNANCE.SPENDING_DETAILS (ID,OFFICER_USERNAME,DEPARTMENT,DESCRIPTION,CITY,AMOUNT,MONTH,YEAR,DAY,STATE) values ('vHTHF2017/04/08','jmp','educational','better education','rajkot',150000,'05','2014','02','gujarat');
Insert into TRANSPARENT_GOVERNANCE.SPENDING_DETAILS (ID,OFFICER_USERNAME,DEPARTMENT,DESCRIPTION,CITY,AMOUNT,MONTH,YEAR,DAY,STATE) values ('ppgHP2017/04/08','jmp','educational','school renovation','gandhinagar',13200,'02','2014','05','gujarat');
REM INSERTING into TRANSPARENT_GOVERNANCE.TAX
SET DEFINE OFF;
Insert into TRANSPARENT_GOVERNANCE.TAX (STARTSALARY,ENDSALARY,TAXPER) values (0,250000,0);
Insert into TRANSPARENT_GOVERNANCE.TAX (STARTSALARY,ENDSALARY,TAXPER) values (250000,500000,11);
Insert into TRANSPARENT_GOVERNANCE.TAX (STARTSALARY,ENDSALARY,TAXPER) values (500000,1000000,16);
Insert into TRANSPARENT_GOVERNANCE.TAX (STARTSALARY,ENDSALARY,TAXPER) values (1000000,5000000,22);
Insert into TRANSPARENT_GOVERNANCE.TAX (STARTSALARY,ENDSALARY,TAXPER) values (5000000,1000000000,33);
REM INSERTING into TRANSPARENT_GOVERNANCE.TAX_CITYWISE
SET DEFINE OFF;
REM INSERTING into TRANSPARENT_GOVERNANCE.TAX_DETAILS
SET DEFINE OFF;
Insert into TRANSPARENT_GOVERNANCE.TAX_DETAILS (TAX_TYPE,CITY,AMOUNT,TAX_PAYER_USERNAME,MONTH,YEAR,ID,STATE,DAY) values ('individual','jaipur',100,'jmp','04','2015','xgcgc2017/04/08','rajasthan','09');
Insert into TRANSPARENT_GOVERNANCE.TAX_DETAILS (TAX_TYPE,CITY,AMOUNT,TAX_PAYER_USERNAME,MONTH,YEAR,ID,STATE,DAY) values ('individual','jaipur',10000,'smarty','02','2015','kenih2017/04/13','rajasthan','12');
Insert into TRANSPARENT_GOVERNANCE.TAX_DETAILS (TAX_TYPE,CITY,AMOUNT,TAX_PAYER_USERNAME,MONTH,YEAR,ID,STATE,DAY) values ('individual','delhi',11000,'jmp','04','2016','xwzvj2017/04/08','delhi','08');
Insert into TRANSPARENT_GOVERNANCE.TAX_DETAILS (TAX_TYPE,CITY,AMOUNT,TAX_PAYER_USERNAME,MONTH,YEAR,ID,STATE,DAY) values ('individual','rajkot',10000,'jmp','05','2014','lnwsg2017/04/08','gujarat','02');
Insert into TRANSPARENT_GOVERNANCE.TAX_DETAILS (TAX_TYPE,CITY,AMOUNT,TAX_PAYER_USERNAME,MONTH,YEAR,ID,STATE,DAY) values ('individual','delhi',11000,'jmp','04','2016','yowxr2017/04/08','delhi','08');
Insert into TRANSPARENT_GOVERNANCE.TAX_DETAILS (TAX_TYPE,CITY,AMOUNT,TAX_PAYER_USERNAME,MONTH,YEAR,ID,STATE,DAY) values ('individual','delhi',10000,'jmp','04','2015','odylg2017/04/08','delhi','09');
Insert into TRANSPARENT_GOVERNANCE.TAX_DETAILS (TAX_TYPE,CITY,AMOUNT,TAX_PAYER_USERNAME,MONTH,YEAR,ID,STATE,DAY) values ('individual','vadodara',1000,'smarty','05','2014','cnpfl2017/05/02','gujarat','02');
Insert into TRANSPARENT_GOVERNANCE.TAX_DETAILS (TAX_TYPE,CITY,AMOUNT,TAX_PAYER_USERNAME,MONTH,YEAR,ID,STATE,DAY) values ('business','vadodara',500000,'apv','04','2016','aesdlg2017/04/08','gujarat','08');
REM INSERTING into TRANSPARENT_GOVERNANCE.TAX_PAYER
SET DEFINE OFF;
Insert into TRANSPARENT_GOVERNANCE.TAX_PAYER (ID,USERNAME,FIRST_NAME,LAST_NAME,EMAIL_ID,CITY,PASSWORD,MOBILE_NO,SALARY) values (1,'prabhu','ganesh','mahadev','mahadev@gmail.com','surat','12345',1234567890,1000000);
Insert into TRANSPARENT_GOVERNANCE.TAX_PAYER (ID,USERNAME,FIRST_NAME,LAST_NAME,EMAIL_ID,CITY,PASSWORD,MOBILE_NO,SALARY) values (3,'toti','kishan','ghelani','kishanghelani1097@gmail.com','rajkot','12345',9924765151,100000);
Insert into TRANSPARENT_GOVERNANCE.TAX_PAYER (ID,USERNAME,FIRST_NAME,LAST_NAME,EMAIL_ID,CITY,PASSWORD,MOBILE_NO,SALARY) values (3,'bhindi','vivek','bhingaradiya','vivekbhingaradiya258@gmail.com','ahmedabad','12345',7046926618,1201200);
Insert into TRANSPARENT_GOVERNANCE.TAX_PAYER (ID,USERNAME,FIRST_NAME,LAST_NAME,EMAIL_ID,CITY,PASSWORD,MOBILE_NO,SALARY) values (47,'smarty','bhavik','bhalodia','bhavikbhalodia@gmail.com','rajkot','bhavik',7990316473,400000);
Insert into TRANSPARENT_GOVERNANCE.TAX_PAYER (ID,USERNAME,FIRST_NAME,LAST_NAME,EMAIL_ID,CITY,PASSWORD,MOBILE_NO,SALARY) values (4,'kano','neel','gondaliya','nkgondaliya13@gmail.com','gandhinagar','12345',9824160697,12345);
Insert into TRANSPARENT_GOVERNANCE.TAX_PAYER (ID,USERNAME,FIRST_NAME,LAST_NAME,EMAIL_ID,CITY,PASSWORD,MOBILE_NO,SALARY) values (5,'bittu','snehankit','thummar','snehankitthummar0077@gmail.com','surat','rfcsm',9825158769,120030);
Insert into TRANSPARENT_GOVERNANCE.TAX_PAYER (ID,USERNAME,FIRST_NAME,LAST_NAME,EMAIL_ID,CITY,PASSWORD,MOBILE_NO,SALARY) values (6,'nana','siddharth','patel','siddharthpatel@gmai.com','jaipur','12345',8460497794,13210);
Insert into TRANSPARENT_GOVERNANCE.TAX_PAYER (ID,USERNAME,FIRST_NAME,LAST_NAME,EMAIL_ID,CITY,PASSWORD,MOBILE_NO,SALARY) values (7,'pintu','rahul','sonani','rs@gmail.com','delhi','ravwt',7818805304,123000);
Insert into TRANSPARENT_GOVERNANCE.TAX_PAYER (ID,USERNAME,FIRST_NAME,LAST_NAME,EMAIL_ID,CITY,PASSWORD,MOBILE_NO,SALARY) values (111,'jms','jenil','sadrani','sadranijenil@gmail.com','mumbai','skadv',9687551555,1000000);
Insert into TRANSPARENT_GOVERNANCE.TAX_PAYER (ID,USERNAME,FIRST_NAME,LAST_NAME,EMAIL_ID,CITY,PASSWORD,MOBILE_NO,SALARY) values (231,'chaku','earnest','vekariya','epvekariya28@gmail.com','mumbai','12345',9408910948,100012);
Insert into TRANSPARENT_GOVERNANCE.TAX_PAYER (ID,USERNAME,FIRST_NAME,LAST_NAME,EMAIL_ID,CITY,PASSWORD,MOBILE_NO,SALARY) values (15,'master','ramesh','bhingaradiya','bhingradiaramesh@gmail.com','vadodara','12345',9879465532,1500000);
--------------------------------------------------------
--  DDL for Index SYS_C007089
--------------------------------------------------------

  CREATE UNIQUE INDEX "TRANSPARENT_GOVERNANCE"."SYS_C007089" ON "TRANSPARENT_GOVERNANCE"."GOVERNMENT_OFFICER" ("USERNAME") 
  PCTFREE 10 INITRANS 2 MAXTRANS 255 COMPUTE STATISTICS 
  STORAGE(INITIAL 65536 NEXT 1048576 MINEXTENTS 1 MAXEXTENTS 2147483645
  PCTINCREASE 0 FREELISTS 1 FREELIST GROUPS 1 BUFFER_POOL DEFAULT FLASH_CACHE DEFAULT CELL_FLASH_CACHE DEFAULT)
  TABLESPACE "USERS" ;
--------------------------------------------------------
--  DDL for Index ID_UQ
--------------------------------------------------------

  CREATE UNIQUE INDEX "TRANSPARENT_GOVERNANCE"."ID_UQ" ON "TRANSPARENT_GOVERNANCE"."GOVERNMENT_OFFICER" ("ID") 
  PCTFREE 10 INITRANS 2 MAXTRANS 255 COMPUTE STATISTICS 
  STORAGE(INITIAL 65536 NEXT 1048576 MINEXTENTS 1 MAXEXTENTS 2147483645
  PCTINCREASE 0 FREELISTS 1 FREELIST GROUPS 1 BUFFER_POOL DEFAULT FLASH_CACHE DEFAULT CELL_FLASH_CACHE DEFAULT)
  TABLESPACE "USERS" ;
--------------------------------------------------------
--  DDL for Index SYS_C007243
--------------------------------------------------------

  CREATE UNIQUE INDEX "TRANSPARENT_GOVERNANCE"."SYS_C007243" ON "TRANSPARENT_GOVERNANCE"."SPEND" ("DEPARTMENT") 
  PCTFREE 10 INITRANS 2 MAXTRANS 255 COMPUTE STATISTICS 
  STORAGE(INITIAL 65536 NEXT 1048576 MINEXTENTS 1 MAXEXTENTS 2147483645
  PCTINCREASE 0 FREELISTS 1 FREELIST GROUPS 1 BUFFER_POOL DEFAULT FLASH_CACHE DEFAULT CELL_FLASH_CACHE DEFAULT)
  TABLESPACE "SYSTEM" ;
--------------------------------------------------------
--  DDL for Index SPENDING_DETAILS_PK
--------------------------------------------------------

  CREATE UNIQUE INDEX "TRANSPARENT_GOVERNANCE"."SPENDING_DETAILS_PK" ON "TRANSPARENT_GOVERNANCE"."SPENDING_DETAILS" ("ID") 
  PCTFREE 10 INITRANS 2 MAXTRANS 255 COMPUTE STATISTICS 
  STORAGE(INITIAL 65536 NEXT 1048576 MINEXTENTS 1 MAXEXTENTS 2147483645
  PCTINCREASE 0 FREELISTS 1 FREELIST GROUPS 1 BUFFER_POOL DEFAULT FLASH_CACHE DEFAULT CELL_FLASH_CACHE DEFAULT)
  TABLESPACE "SYSTEM" ;
--------------------------------------------------------
--  DDL for Index SYS_C007087
--------------------------------------------------------

  CREATE UNIQUE INDEX "TRANSPARENT_GOVERNANCE"."SYS_C007087" ON "TRANSPARENT_GOVERNANCE"."TAX_CITYWISE" ("ID") 
  PCTFREE 10 INITRANS 2 MAXTRANS 255 COMPUTE STATISTICS 
  STORAGE(INITIAL 65536 NEXT 1048576 MINEXTENTS 1 MAXEXTENTS 2147483645
  PCTINCREASE 0 FREELISTS 1 FREELIST GROUPS 1 BUFFER_POOL DEFAULT FLASH_CACHE DEFAULT CELL_FLASH_CACHE DEFAULT)
  TABLESPACE "USERS" ;
--------------------------------------------------------
--  DDL for Index TAX_DETAILS_PK
--------------------------------------------------------

  CREATE UNIQUE INDEX "TRANSPARENT_GOVERNANCE"."TAX_DETAILS_PK" ON "TRANSPARENT_GOVERNANCE"."TAX_DETAILS" ("ID") 
  PCTFREE 10 INITRANS 2 MAXTRANS 255 COMPUTE STATISTICS 
  STORAGE(INITIAL 65536 NEXT 1048576 MINEXTENTS 1 MAXEXTENTS 2147483645
  PCTINCREASE 0 FREELISTS 1 FREELIST GROUPS 1 BUFFER_POOL DEFAULT FLASH_CACHE DEFAULT CELL_FLASH_CACHE DEFAULT)
  TABLESPACE "SYSTEM" ;
--------------------------------------------------------
--  DDL for Index SYS_C007098
--------------------------------------------------------

  CREATE UNIQUE INDEX "TRANSPARENT_GOVERNANCE"."SYS_C007098" ON "TRANSPARENT_GOVERNANCE"."TAX_PAYER" ("USERNAME") 
  PCTFREE 10 INITRANS 2 MAXTRANS 255 COMPUTE STATISTICS 
  STORAGE(INITIAL 65536 NEXT 1048576 MINEXTENTS 1 MAXEXTENTS 2147483645
  PCTINCREASE 0 FREELISTS 1 FREELIST GROUPS 1 BUFFER_POOL DEFAULT FLASH_CACHE DEFAULT CELL_FLASH_CACHE DEFAULT)
  TABLESPACE "USERS" ;
--------------------------------------------------------
--  Constraints for Table GOVERNMENT_OFFICER
--------------------------------------------------------

  ALTER TABLE "TRANSPARENT_GOVERNANCE"."GOVERNMENT_OFFICER" MODIFY ("USERNAME" NOT NULL ENABLE);
  ALTER TABLE "TRANSPARENT_GOVERNANCE"."GOVERNMENT_OFFICER" ADD PRIMARY KEY ("USERNAME")
  USING INDEX PCTFREE 10 INITRANS 2 MAXTRANS 255 COMPUTE STATISTICS 
  STORAGE(INITIAL 65536 NEXT 1048576 MINEXTENTS 1 MAXEXTENTS 2147483645
  PCTINCREASE 0 FREELISTS 1 FREELIST GROUPS 1 BUFFER_POOL DEFAULT FLASH_CACHE DEFAULT CELL_FLASH_CACHE DEFAULT)
  TABLESPACE "USERS"  ENABLE;
  ALTER TABLE "TRANSPARENT_GOVERNANCE"."GOVERNMENT_OFFICER" ADD CONSTRAINT "ID_UQ" UNIQUE ("ID")
  USING INDEX PCTFREE 10 INITRANS 2 MAXTRANS 255 COMPUTE STATISTICS 
  STORAGE(INITIAL 65536 NEXT 1048576 MINEXTENTS 1 MAXEXTENTS 2147483645
  PCTINCREASE 0 FREELISTS 1 FREELIST GROUPS 1 BUFFER_POOL DEFAULT FLASH_CACHE DEFAULT CELL_FLASH_CACHE DEFAULT)
  TABLESPACE "USERS"  ENABLE;
--------------------------------------------------------
--  Constraints for Table SPEND
--------------------------------------------------------

  ALTER TABLE "TRANSPARENT_GOVERNANCE"."SPEND" MODIFY ("DEPARTMENT" NOT NULL ENABLE);
  ALTER TABLE "TRANSPARENT_GOVERNANCE"."SPEND" ADD PRIMARY KEY ("DEPARTMENT")
  USING INDEX PCTFREE 10 INITRANS 2 MAXTRANS 255 COMPUTE STATISTICS 
  STORAGE(INITIAL 65536 NEXT 1048576 MINEXTENTS 1 MAXEXTENTS 2147483645
  PCTINCREASE 0 FREELISTS 1 FREELIST GROUPS 1 BUFFER_POOL DEFAULT FLASH_CACHE DEFAULT CELL_FLASH_CACHE DEFAULT)
  TABLESPACE "SYSTEM"  ENABLE;
--------------------------------------------------------
--  Constraints for Table SPENDING_DETAILS
--------------------------------------------------------

  ALTER TABLE "TRANSPARENT_GOVERNANCE"."SPENDING_DETAILS" MODIFY ("ID" NOT NULL ENABLE);
  ALTER TABLE "TRANSPARENT_GOVERNANCE"."SPENDING_DETAILS" ADD CONSTRAINT "SPENDING_DETAILS_PK" PRIMARY KEY ("ID")
  USING INDEX PCTFREE 10 INITRANS 2 MAXTRANS 255 COMPUTE STATISTICS 
  STORAGE(INITIAL 65536 NEXT 1048576 MINEXTENTS 1 MAXEXTENTS 2147483645
  PCTINCREASE 0 FREELISTS 1 FREELIST GROUPS 1 BUFFER_POOL DEFAULT FLASH_CACHE DEFAULT CELL_FLASH_CACHE DEFAULT)
  TABLESPACE "SYSTEM"  ENABLE;
--------------------------------------------------------
--  Constraints for Table TAX_CITYWISE
--------------------------------------------------------

  ALTER TABLE "TRANSPARENT_GOVERNANCE"."TAX_CITYWISE" MODIFY ("ID" NOT NULL ENABLE);
  ALTER TABLE "TRANSPARENT_GOVERNANCE"."TAX_CITYWISE" ADD PRIMARY KEY ("ID")
  USING INDEX PCTFREE 10 INITRANS 2 MAXTRANS 255 COMPUTE STATISTICS 
  STORAGE(INITIAL 65536 NEXT 1048576 MINEXTENTS 1 MAXEXTENTS 2147483645
  PCTINCREASE 0 FREELISTS 1 FREELIST GROUPS 1 BUFFER_POOL DEFAULT FLASH_CACHE DEFAULT CELL_FLASH_CACHE DEFAULT)
  TABLESPACE "USERS"  ENABLE;
--------------------------------------------------------
--  Constraints for Table TAX_DETAILS
--------------------------------------------------------

  ALTER TABLE "TRANSPARENT_GOVERNANCE"."TAX_DETAILS" MODIFY ("ID" NOT NULL ENABLE);
  ALTER TABLE "TRANSPARENT_GOVERNANCE"."TAX_DETAILS" ADD CONSTRAINT "TAX_DETAILS_PK" PRIMARY KEY ("ID")
  USING INDEX PCTFREE 10 INITRANS 2 MAXTRANS 255 COMPUTE STATISTICS 
  STORAGE(INITIAL 65536 NEXT 1048576 MINEXTENTS 1 MAXEXTENTS 2147483645
  PCTINCREASE 0 FREELISTS 1 FREELIST GROUPS 1 BUFFER_POOL DEFAULT FLASH_CACHE DEFAULT CELL_FLASH_CACHE DEFAULT)
  TABLESPACE "SYSTEM"  ENABLE;
  ALTER TABLE "TRANSPARENT_GOVERNANCE"."TAX_DETAILS" MODIFY ("YEAR" NOT NULL ENABLE);
--------------------------------------------------------
--  Constraints for Table TAX_PAYER
--------------------------------------------------------

  ALTER TABLE "TRANSPARENT_GOVERNANCE"."TAX_PAYER" MODIFY ("USERNAME" NOT NULL ENABLE);
  ALTER TABLE "TRANSPARENT_GOVERNANCE"."TAX_PAYER" ADD PRIMARY KEY ("USERNAME")
  USING INDEX PCTFREE 10 INITRANS 2 MAXTRANS 255 COMPUTE STATISTICS 
  STORAGE(INITIAL 65536 NEXT 1048576 MINEXTENTS 1 MAXEXTENTS 2147483645
  PCTINCREASE 0 FREELISTS 1 FREELIST GROUPS 1 BUFFER_POOL DEFAULT FLASH_CACHE DEFAULT CELL_FLASH_CACHE DEFAULT)
  TABLESPACE "USERS"  ENABLE;
